{
    "format_version": "1.0",
    "program": {
        "metadata": {
            "author": "AGH, Department of Computer Science",
            "name": "Demo #1",
            "description": "A showcase of different action kinds",
            "targetGender": "any",
            "goals": [
                "build_mass",
                "strength"
            ],
            "image": "assets/logo.png"
        },
        "definitions": {
            "exercises": {
                "hammer_curl": {
                    "muscles": [
                        "biceps",
                        "forearms"
                    ],
                    "text": "To set up the exercise, stand up and grab a pair of dumbbells while rotating your hands inward so that the palms of your hands are parallel to each other. The curls are performed by gently pressing your elbows into the sides of your body and then flexing at your elbow.",
                    "image": "assets/hammer-curl.jpg"
                }
            },
            "days": {
                "recovery": {
                    "type": "recovery"
                },
                "workout1": {
                    "type": "workout",
                    "routine": [
                        {
                            "type": "@hammer_curl",
                            "goal": "reps",
                            "value": 24
                        },
                        {
                            "type": "timed_recovery",
                            "seconds": "90"
                        }
                    ]
                }
            }
        },
        "schedule": [
            "@workout1",
            "@recovery"
        ]
    }
}
