{
    "format_version": "1.0",
    "program": {
        "metadata": {
            "author": "AGH, Department of Computer Science",
            "name": "Demo #1",
            "description": "A showcase of different action kinds",
            "targetGender": "any",
            "goals": [
                "build_mass",
                "endurance",
                "fat_loss",
                "fitness",
                "flexibility",
                "get_ripped",
                "health",
                "strength"
            ],
            "image": "assets/logo.png"
        },
        "definitions": {
            "exercises": {
                "bench-press": {
                    "muscles": [
                        "traps",
                        "pecs",
                        "deltoids",
                        "biceps"
                    ],
                    "text": "First, lie down on a flat bench with your feet flat on the floor. Take a medium to wide grip on the bar using the O rings as a guide. Take a deep breath and take the weight from the rack... exhale when you've moved it over your chest. A bit higher is okay but don't go lower as this makes it difficult to keep your elbows under your wrists. Take another deep breath and hold it before you lower the bar. Now lower the bar in control... if the bar is free falling, that isn't control. Lower it slowly to the nipple line then press up in a slight line. During the movement keep your elbows directly under the wrists that puts you in a 90-degree angle.",
                    "image": "assets/bench-press.jpg"
                },
                "hammer-curl": {
                    "muscles": [
                        "biceps",
                        "forearms"
                    ],
                    "text": "To set up the exercise, stand up and grab a pair of dumbbells while rotating your hands inward so that the palms of your hands are parallel to each other. The curls are performed by gently pressing your elbows into the sides of your body and then flexing at your elbow.",
                    "image": "assets/hammer-curl.jpg"
                },
                "squats": {
                    "muscles": [
                        "glutes",
                        "hamstrings",
                        "obliques",
                        "quads"
                    ],
                    "text": "A compound, full body exercise that boosts testosterone levels. The movement begins from a standing position. The movement is initiated by moving the hips back and bending the knees and hips to lower the torso and accompanying weight, then returning to the upright position.",
                    "image": "assets/back-squat.jpg"
                },
                "pull-ups": {
                    "muscles": [
                        "lats",
                        "biceps",
                        "back_lower"
                    ],
                    "text": "Pull your body up until your chin is above the bar.",
                    "image": "assets/pull-ups.jpg"
                }
            },
            "days": {
                "recovery": {
                    "type": "recovery"
                },
                "workout1": {
                    "type": "workout",
                    "routine": [
                        {
                            "type": "@squats",
                            "goal": "seconds",
                            "value": 25
                        },
                        {
                            "type": "timed_recovery",
                            "seconds": "5"
                        },
                        {
                            "type": "@hammer-curl",
                            "goal": "reps",
                            "value": 24
                        },
                        {
                            "type": "recovery"
                        }
                    ]
                },
                "workout2": {
                    "type": "workout",
                    "routine": [
                        {
                            "type": "@bench-press",
                            "goal": "seconds",
                            "value": 10
                        },
                        {
                            "type": "@pull-ups",
                            "goal": "reps",
                            "value": 12
                        },
                        {
                            "type": "recovery"
                        },
                        {
                            "type": "@hammer-curl",
                            "goal": "reps",
                            "value": 24
                        }
                    ]
                }
            }
        },
        "schedule": [
            "@workout1",
            "@recovery",
            "@recovery",
            "@recovery",
            "@workout2",
            "@workout1",
            "@recovery",
            "@workout2"
        ]
    }
}
