{
    "format_version": "1.0",
    "program": {
        "metadata": {
            "author": "Rich Piana",
            "name": "Strong as f*ck",
            "description": "Rich Piana's workout",
            "targetGender": "male",
            "goals": [
                "build_mass",
                "strength"
            ],
            "image": "assets/Rich-Piana-arms.jpg"
        },
        "definitions": {
            "exercises": {
                "plank": {
                    "muscles": [
                        "abs",
                        "core",
                        "shoulders"
                    ],
                    "text": "The plank is one of the greatest and most underrated exercises ever. It’s practically a one-move static exercise that will help you build a core of steel, ripped abs and strong shoulders. Just get into push-up position on the floor, bend your elbows 90 degrees and prop yourself on the elbows, forearms and forefeet, forming a straight line from head to feet, then hold it for as long as you can without moving your waist or butt.",
                    "image": "assets/plank-exercise.jpg"
                },
                "push-ups": {
                    "muscles": [
                        "pectoral",
                        "triceps",
                        "biceps",
                        "deltoids",
                        "rhomboids",
                        "trapezius",
                        "Latissimus dorsi"
                    ],
                    "text": "The push-up is the ultimate bodyweight exercise that utilizes literally every major muscle in your body, thereby helping you firm your whole body. Get into a plank position, placing your hands directly under the shoulders and push your whole body up, maintaining a straight line with the legs, back and butt. Lower your body down on the same way and repeat.",
                    "image": "assets/push-ups.jpg"
                },
                "squats": {
                    "muscles": [
                        "glutes",
                        "quadriceps",
                        "hamstrings",
                        "thighs",
                        "calves"
                    ],
                    "text": "Squats will help you build your quads, hams and calves, while also strengthening your whole core and enhancing greater overall fat burning. For the standard squat, your feet should be shoulder-width apart or slightly wider. Extend your hands out in front of you and sit back and down, keeping your head facing forward. Make sure that your back doesn’t round. Keep lowering yourself until your thighs are parallel to the floor (if possible). Press back up through your heels.",
                    "image": "assets/squat-exercise.jpg"
                },
                "bird-dog": {
                    "muscles": [
                        "erector spinae",
                        "latissimus dorsi",
                        "rectus abdominis",
                        "transverse abdominus",
                        "gluteus maximus",
                        "trapezius",
                        "supraspinatus",
                        "infraspinatus",
                        "subscapularis",
                        "teres minor",
                        "anterior and medial deltoids",
                        "posterior deltoids",
                        "serratus anterior",
                        "gluteus medius/minimus"
                    ],
                    "text": "From a plank position, prop yourself on your knees and hands and simultaneously stretch one leg and the opposite arm, maintaining both perfectly straight. Hold for a moment, then lower them down and repeat with the other leg and arm. This exercise increases core strength in both abs and lower back.",
                    "image": "assets/bird-dog-exercise.jpg"
                },
                "lying-hip-raises": {
                    "muscles": [
                        "gluteal",
                        "hamstrings",
                         "abs",
                         "obliques",
                         "lats"
                    ],
                    "text": "The lying hip raise is the perfect bodyweight exercise for building powerful glutes and hamstrings while also strengthening your abs, back and thighs. Lie on your back on the floor with bent knees and flat feet. Extend your arms out to your sides at a 45-degree angle. Squeeze your glutes and lift your hips toward the ceiling, making sure to tilt your pelvis. Lift them up as high as possible, squeezing your glutes. Slowly lower yourself down and repeat.",
                    "image": "assets/lying-hip-raises.jpg"
                }
            },
            "days": {
                "recovery": {
                    "type": "recovery"
                },
                "workout1": {
                    "type": "workout",
                    "routine": [
                        {
                            "type": "@plank",
                            "goal": "seconds",
                            "value": 60
                        },
                        {
                            "type": "timed_recovery",
                            "seconds": "10"
                        },
                        {
                            "type": "@push-ups",
                            "goal": "seconds",
                            "value": 60
                        },
                        {
                            "type": "timed_recovery",
                            "seconds": "10"
                        },
                        {
                            "type": "@squats",
                            "goal": "seconds",
                            "value": 120
                        },
                        {
                            "type": "timed_recovery",
                            "seconds": "10"
                        },
                        {
                            "type": "@bird-dog",
                            "goal": "seconds",
                            "value": 60
                        },
                        {
                            "type": "timed_recovery",
                            "seconds": "10"
                        },
                        {
                            "type": "@lying-hip-raises",
                            "goal": "seconds",
                            "value": 60
                        },
                        {
                            "type": "timed_recovery",
                            "seconds": "10"
                        },
                        {
                            "type": "@plank",
                            "goal": "seconds",
                            "value": 60
                        },
                        {
                            "type": "timed_recovery",
                            "seconds": "10"
                        },
                        {
                            "type": "@push-ups",
                            "goal": "seconds",
                            "value": 60
                        },
                        {
                            "type": "timed_recovery",
                            "seconds": "10"
                        },
                        {
                            "type": "@squats",
                            "goal": "seconds",
                            "value": 120
                        }
                    ]
                },
                "workout2": {
                    "type": "workout",
                    "routine": [
                        {
                            "type": "@plank",
                            "goal": "seconds",
                            "value": 180
                        },
                        {
                            "type": "timed_recovery",
                            "seconds": "10"
                        },
                        {
                            "type": "@bird-dog",
                            "goal": "seconds",
                            "value": 180
                        },
                        {
                            "type": "timed_recovery",
                            "seconds": "10"
                        },
                        {
                            "type": "@lying-hip-raises",
                            "goal": "seconds",
                            "value": 180
                        },
                        {
                            "type": "timed_recovery",
                            "seconds": "10"
                        },
                        {
                            "type": "@push-ups",
                            "goal": "seconds",
                            "value": 60
                        }
                    ]
                }
            }
        },
        "schedule": [

            "@workout1",
            "@workout2",
            "@workout1",
            "@workout2",
            "@workout1",
            "@workout2",

            "@recovery",

            "@workout2",
            "@workout1",
            "@workout2",
            "@workout1",
            "@workout2",
            "@workout1",

            "@recovery",

            "@workout1",
            "@workout2",
            "@workout1",
            "@workout2",
            "@workout1",
            "@workout2",

            "@recovery",

            "@workout2",
            "@workout1",
            "@workout2",
            "@workout1",
            "@workout2",
            "@workout1"
        ]
    }
}
